{
  "train_loss": [
    1.871958657673427,
    1.384585003625779,
    1.1975961106164115,
    1.08007272425152,
    0.983209554922013,
    0.9044416796593439,
    0.8295613129933676,
    0.7670832032249087,
    0.6994597900481451,
    0.6855024122056507,
    0.6510644776480539,
    0.6248579445339385,
    0.6036683116640363,
    0.5826939100310916,
    0.5736842527275994,
    0.561802685828436,
    0.557240092754364,
    0.5595612338611058,
    0.5589121333190373,
    0.5485706897008986
  ],
  "train_accuracy": [
    0.33095238095238094,
    0.5452380952380952,
    0.638095238095238,
    0.694047619047619,
    0.7571428571428571,
    0.8083333333333333,
    0.8523809523809524,
    0.8726190476190476,
    0.9107142857142857,
    0.9261904761904762,
    0.9488095238095238,
    0.9535714285714286,
    0.9595238095238096,
    0.975,
    0.9761904761904762,
    0.9833333333333333,
    0.9821428571428571,
    0.9821428571428571,
    0.9797619047619047,
    0.9880952380952381
  ],
  "val_loss": [
    1.5102392001585527,
    1.2385003837672146,
    1.1857453991066327,
    1.1994630558924242,
    1.141690256920728,
    1.1945742802186445,
    1.1193869628689506,
    1.106394426389174,
    1.1780606481161984,
    1.1339242973110892,
    1.1144770790230145,
    1.1356516886841168,
    1.1010485752062364,
    1.1062503890557722,
    1.0919420014728198,
    1.1171052428809078,
    1.1173162108117884,
    1.1035870720039715,
    1.1002401817928662,
    1.0986040072007612
  ],
  "val_accuracy": [
    0.4659090909090909,
    0.5965909090909091,
    0.6306818181818182,
    0.6079545454545454,
    0.6420454545454546,
    0.6931818181818182,
    0.7045454545454546,
    0.7045454545454546,
    0.6818181818181818,
    0.7102272727272727,
    0.6931818181818182,
    0.7045454545454546,
    0.7329545454545454,
    0.7215909090909091,
    0.7102272727272727,
    0.7215909090909091,
    0.7102272727272727,
    0.7272727272727273,
    0.7272727272727273,
    0.7329545454545454
  ],
  "learning_rate": [
    2.981532510892707e-05,
    2.926584774442731e-05,
    2.836509786282552e-05,
    2.7135254915624217e-05,
    2.5606601717798216e-05,
    2.38167787843871e-05,
    2.1809857496093206e-05,
    1.9635254915624217e-05,
    1.734651697560347e-05,
    1.5000000000000004e-05,
    1.2653483024396545e-05,
    1.0364745084375793e-05,
    8.190142503906802e-06,
    6.183221215612907e-06,
    4.39339828220179e-06,
    2.864745084375791e-06,
    1.634902137174484e-06,
    7.341522555726974e-07,
    1.8467489107293523e-07,
    0.0
  ]
}